{
  "model": "ESMM",
  "results": {
    "Online": {
      "ctr_auc": 0.6209975215889296,
      "cvr_auc_post_click": 0.547079250624848,
      "avg_auc": 0.5840383861068887
    },
    "Random": {
      "ctr_auc": 0.5517370749201271,
      "cvr_auc_post_click": 0.5003219145090446,
      "avg_auc": 0.5260294947145858
    },
    "Combined": {
      "ctr_auc": 0.5654147119957271,
      "cvr_auc_post_click": 0.5431680412102922,
      "avg_auc": 0.5542913766030096
    }
  }
}