{
  "model": "M3OE",
  "results": {
    "Online": {
      "ctr_auc": 0.6605985864355909,
      "cvr_auc_post_click": 0.5818638870314847,
      "avg_auc": 0.6212312367335378
    },
    "Random": {
      "ctr_auc": 0.5519500220653133,
      "cvr_auc_post_click": 0.472031007751938,
      "avg_auc": 0.5119905149086257
    },
    "Combined": {
      "ctr_auc": 0.5969631668721396,
      "cvr_auc_post_click": 0.573637733830876,
      "avg_auc": 0.5853004503515078
    }
  }
}