{
  "model": "MMOE",
  "results": {
    "Online": {
      "ctr_auc": 0.6306995843187706,
      "cvr_auc_post_click": 0.5319944261352325,
      "avg_auc": 0.5813470052270016
    },
    "Random": {
      "ctr_auc": 0.547082902069638,
      "cvr_auc_post_click": 0.5074898775771045,
      "avg_auc": 0.5272863898233713
    },
    "Combined": {
      "ctr_auc": 0.5639461232474611,
      "cvr_auc_post_click": 0.5461404375991883,
      "avg_auc": 0.5550432804233247
    }
  }
}