{
  "model": "MTL",
  "results": {
    "Online": {
      "ctr_auc": 0.6251985449537516,
      "cvr_auc_post_click": 0.5559949338993108,
      "avg_auc": 0.5905967394265312
    },
    "Random": {
      "ctr_auc": 0.5365316882583647,
      "cvr_auc_post_click": 0.5158358092930757,
      "avg_auc": 0.5261837487757202
    },
    "Combined": {
      "ctr_auc": 0.5285969162853851,
      "cvr_auc_post_click": 0.5245385305825117,
      "avg_auc": 0.5265677234339483
    }
  }
}