{
  "model": "PLE",
  "results": {
    "Online": {
      "ctr_auc": 0.6247465555851376,
      "cvr_auc_post_click": 0.5387828856578767,
      "avg_auc": 0.5817647206215071
    },
    "Random": {
      "ctr_auc": 0.538534925943826,
      "cvr_auc_post_click": 0.5102988797375085,
      "avg_auc": 0.5244169028406673
    },
    "Combined": {
      "ctr_auc": 0.5101177491016098,
      "cvr_auc_post_click": 0.5147091344277649,
      "avg_auc": 0.5124134417646873
    }
  }
}