{
  "model": "MMOE",
  "results": {
    "Online": {
      "ctr_auc": 0.7652864143216771,
      "cvr_auc_post_click": 0.6502056104252149,
      "avg_auc": 0.707746012373446
    },
    "Random": {
      "ctr_auc": 0.6810541053113676,
      "cvr_auc_post_click": 0.5912301927137795,
      "avg_auc": 0.6361421490125736
    },
    "Combined": {
      "ctr_auc": 0.6901364329636203,
      "cvr_auc_post_click": 0.6112092647701521,
      "avg_auc": 0.6506728488668863
    }
  }
}