{
  "model": "M3OE",
  "results": {
    "Online": {
      "ctr_auc": 0.7586947426859929,
      "cvr_auc_post_click": 0.6374337054830506,
      "avg_auc": 0.6980642240845217
    },
    "Random": {
      "ctr_auc": 0.6741262410848304,
      "cvr_auc_post_click": 0.5840899106410433,
      "avg_auc": 0.6291080758629368
    },
    "Combined": {
      "ctr_auc": 0.6802386771068683,
      "cvr_auc_post_click": 0.5979409188832129,
      "avg_auc": 0.6390897979950405
    }
  }
}