{
  "model": "PLE",
  "results": {
    "Online": {
      "ctr_auc": 0.7659020181004674,
      "cvr_auc_post_click": 0.6444569094083549,
      "avg_auc": 0.7051794637544111
    },
    "Random": {
      "ctr_auc": 0.6840806999861383,
      "cvr_auc_post_click": 0.5895998098209356,
      "avg_auc": 0.636840254903537
    },
    "Combined": {
      "ctr_auc": 0.689690903106458,
      "cvr_auc_post_click": 0.6036675691955575,
      "avg_auc": 0.6466792361510078
    }
  }
}